method,precision,recall,f1,mean_lead_time_days,coverage_pct,true_positives,reference_events,detected_events,mean_detection_delay_days,detection_delay_months,event_catalog,catalog_events,out_of_range_events,cost_model,penalty,fit_scope
Pelt,0.5,0.5,0.5,-30.5,50.0,2,4,4,0.0,0.0,extended,6,2,l1,0.5,retrospective_pooled_series
Binseg,0.5,0.5,0.5,-30.5,50.0,2,4,4,0.0,0.0,extended,6,2,l1,0.5,retrospective_pooled_series
Pelt,0.0,0.0,0.0,,0.0,0,4,2,,,extended,6,2,l1,1.0,retrospective_pooled_series
Binseg,0.0,0.0,0.0,,0.0,0,4,2,,,extended,6,2,l1,1.0,retrospective_pooled_series
Pelt,0.0,0.0,0.0,,0.0,0,4,1,,,extended,6,2,l1,2.5,retrospective_pooled_series
Binseg,0.0,0.0,0.0,,0.0,0,4,1,,,extended,6,2,l1,2.5,retrospective_pooled_series
Pelt,0.4,0.5,0.4444444444444445,0.5,50.0,2,4,5,15.5,0.5092402464065708,extended,6,2,l2,0.5,retrospective_pooled_series
Binseg,0.4,0.5,0.4444444444444445,0.5,50.0,2,4,5,15.5,0.5092402464065708,extended,6,2,l2,0.5,retrospective_pooled_series
Pelt,0.4,0.5,0.4444444444444445,0.5,50.0,2,4,5,15.5,0.5092402464065708,extended,6,2,l2,1.0,retrospective_pooled_series
Binseg,0.3333333333333333,0.25,0.28571428571428575,31.0,25.0,1,4,3,31.0,1.0184804928131417,extended,6,2,l2,1.0,retrospective_pooled_series
Pelt,0.0,0.0,0.0,,0.0,0,4,1,,,extended,6,2,l2,2.5,retrospective_pooled_series
Binseg,0.0,0.0,0.0,,0.0,0,4,1,,,extended,6,2,l2,2.5,retrospective_pooled_series
Pelt,0.5,0.5,0.5,15.5,50.0,2,4,4,15.5,0.5092402464065708,extended,6,2,rbf,0.5,retrospective_pooled_series
Binseg,0.5,0.5,0.5,15.5,50.0,2,4,4,15.5,0.5092402464065708,extended,6,2,rbf,0.5,retrospective_pooled_series
Pelt,0.0,0.0,0.0,,0.0,0,4,2,,,extended,6,2,rbf,1.0,retrospective_pooled_series
Binseg,0.0,0.0,0.0,,0.0,0,4,2,,,extended,6,2,rbf,1.0,retrospective_pooled_series
Pelt,0.0,0.0,0.0,,0.0,0,4,1,,,extended,6,2,rbf,2.5,retrospective_pooled_series
Binseg,0.0,0.0,0.0,,0.0,0,4,1,,,extended,6,2,rbf,2.5,retrospective_pooled_series
