fold,model,n,MAE,WAPE,RMSE,R2,delta_mae_vs_prophet_pct,delta_mae_vs_catboost_pct,horizon,scope,origins,status
1,prophet,4160,1572.606653056454,0.04942558572716812,2611.210206043133,0.9494747655993219,,,,,,
1,catboost,4160,1561.5576406351865,0.04907832539378055,2460.3009446255933,0.9551460045509651,,,,,,
1,chronos,4160,2690.877664888822,0.0845718186736617,3245.578251756913,0.9219435425762303,,,,,,
1,Ensemble (CatBoost + Chronos),4160,2442.225982811659,0.07675692420858773,3045.3480345307917,0.931277565923014,-55.297955662660364,-56.39678736535448,,,,
1,RegimeAware Ensemble (CatBoost + Chronos + Prophet),4160,1484.4359806177613,0.04665446230557325,2391.8151419675846,0.9576083920677017,5.606657727622339,4.938764859557466,,,,
2,prophet,4173,1600.2693136162131,0.052766541043153294,2216.88830967577,0.9604188094003324,,,,,,
2,catboost,4173,1481.1053380325193,0.048837283164494566,1897.2871866312996,0.9710087210561479,,,,,,
2,chronos,4173,906.1653737100856,0.029879478395862642,1300.3612388158808,0.986381500528855,,,,,,
2,Ensemble (CatBoost + Chronos),4173,957.4542803195868,0.03157065510758315,1337.7368614665006,0.9855873906389936,40.169178264377464,35.35542302538343,,,,
2,RegimeAware Ensemble (CatBoost + Chronos + Prophet),4173,1400.1813585297168,0.04616893325021632,1799.710714877256,0.9739140515454724,12.503392609231943,5.463755846717885,,,,
3,prophet,4180,2888.56223791339,0.08518391898044744,3936.9263125082853,0.9037449765717274,,,,,,
3,catboost,4180,3109.320845764536,0.09169410703130718,4205.152281040542,0.8901823144034815,,,,,,
3,chronos,4180,4402.76603174529,0.12983790344395624,5426.149174851523,0.8171511261075097,,,,,,
3,Ensemble (CatBoost + Chronos),4180,4143.333224903483,0.1221872103382932,5183.924959090797,0.83311156422204,-43.439292064432074,-33.255248667806704,,,,
3,RegimeAware Ensemble (CatBoost + Chronos + Prophet),4180,2855.3171812750284,0.08420351974444958,3948.059265804756,0.9031998214178774,1.1509205584012974,8.169104350730068,,,,
pooled,prophet,12513,2021.4303266133843,0.063131210649285,3013.8690435992594,0.9361338330137411,,,,,,
pooled,catboost,12513,2051.761647562362,0.06407848693523499,3019.933989368074,0.9358765327996679,,,,,,
pooled,chronos,12513,2667.549045242947,0.08331011881803067,3728.465901896791,0.9022577239208689,,,,,,
pooled,Ensemble (CatBoost + Chronos),12513,2515.324037430408,0.07855598561453664,3557.6747025930035,0.9110072621421863,-24.43288320723237,-22.59338410086722,,,,
pooled,RegimeAware Ensemble (CatBoost + Chronos + Prophet),12513,1914.2840490884691,0.059784929490020546,2861.6434396433815,0.9424224559562978,5.300517960686942,6.700466335221061,,,,
h=1,prophet,12513,2021.4303266133843,0.063131210649285,3013.8690435992594,0.9361338330137411,,,1.0,exact,6.0,measured
h=1,catboost,12513,2051.761647562362,0.06407848693523499,3019.933989368074,0.9358765327996679,,,1.0,exact,6.0,measured
h=1,chronos,12513,2667.549045242947,0.08331011881803067,3728.465901896791,0.9022577239208689,,,1.0,exact,6.0,measured
h=1,ensemble,12513,2515.324037430408,0.07855598561453664,3557.6747025930035,0.9110072621421863,,,1.0,exact,6.0,measured
h=1,regime_aware,12513,1914.2840490884691,0.059784929490020546,2861.6434396433815,0.9424224559562978,,,1.0,exact,6.0,measured
h=3,prophet,12464,2265.5039283731066,0.07068503430344555,3772.297707204976,0.900042877131812,,,3.0,exact,6.0,measured
h=3,catboost,12464,2721.052329476857,0.08489840818270517,4098.384348467511,0.8820148914600138,,,3.0,exact,6.0,measured
h=3,chronos,12464,3442.028943748621,0.10739329599708139,4312.173490374292,0.869384631958368,,,3.0,exact,6.0,measured
h=3,ensemble,12464,3164.685273050946,0.09874001288792932,4168.807794206999,0.877925326321786,,,3.0,exact,6.0,measured
h=3,regime_aware,12464,2192.350229235723,0.0684025965339983,3545.027984625661,0.911724301335365,,,3.0,exact,6.0,measured
h=6,prophet,8287,2936.9830726960317,0.09120902194765577,4921.669450274514,0.8346951558182548,,,6.0,exact,4.0,measured
h=6,catboost,8287,3616.9001488757185,0.11232408117301662,4737.895731823393,0.8468095493213643,,,6.0,exact,4.0,measured
h=6,chronos,8287,5389.612653266223,0.1673762791999582,6595.803076783558,0.7031096661892664,,,6.0,exact,4.0,measured
h=6,ensemble,8287,5002.548261325884,0.15535586105460097,6168.080716514016,0.7403664612095723,,,6.0,exact,4.0,measured
h=6,regime_aware,8287,2903.541415079779,0.09017047974023105,4647.806736872712,0.8525798603212293,,,6.0,exact,4.0,measured
h=12,prophet,4116,5278.0204115626575,0.155230321677641,6406.128331476015,0.7467913313712751,,,12.0,exact,2.0,measured
h=12,catboost,4116,4230.2416153387385,0.1244144045530053,5731.924633095475,0.7972838994302256,,,12.0,exact,2.0,measured
h=12,chronos,4116,8555.467868341533,0.2516223746304494,9830.6042335456,0.4037234561797428,,,12.0,exact,2.0,measured
h=12,ensemble,4116,7402.927108929752,0.21772533390697213,8756.934079824956,0.5268580431871437,,,12.0,exact,2.0,measured
h=12,regime_aware,4116,4223.697916622039,0.12422194973518581,5615.783688526855,0.805415589523243,,,12.0,exact,2.0,measured
