fold,horizon,scope,model,n,origins,MAE,R2,WAPE,RMSE,status
1,1,exact,prophet,4160,2,1572.606653056454,0.9494747655993219,0.04942558572716812,2611.210206043133,measured
1,1,exact,catboost,4160,2,1561.5576406351865,0.9551460045509651,0.04907832539378055,2460.3009446255933,measured
1,1,exact,chronos,4160,2,2690.877664888822,0.9219435425762303,0.0845718186736617,3245.578251756913,measured
1,1,exact,ensemble,4160,2,2442.225982811659,0.931277565923014,0.07675692420858773,3045.3480345307917,measured
1,1,exact,regime_aware,4160,2,1484.4359806177613,0.9576083920677017,0.04665446230557325,2391.8151419675846,measured
1,1,cumulative,prophet,4160,2,1572.606653056454,0.9494747655993219,0.04942558572716812,2611.210206043133,measured
1,1,cumulative,catboost,4160,2,1561.5576406351865,0.9551460045509651,0.04907832539378055,2460.3009446255933,measured
1,1,cumulative,chronos,4160,2,2690.877664888822,0.9219435425762303,0.0845718186736617,3245.578251756913,measured
1,1,cumulative,ensemble,4160,2,2442.225982811659,0.931277565923014,0.07675692420858773,3045.3480345307917,measured
1,1,cumulative,regime_aware,4160,2,1484.4359806177613,0.9576083920677017,0.04665446230557325,2391.8151419675846,measured
1,3,exact,prophet,4143,2,2142.1381343339326,0.8710147637261206,0.06727412324181581,4177.551646410101,measured
1,3,exact,catboost,4143,2,2436.6638590567795,0.8982651132283503,0.07652374145518598,3710.1099392865704,measured
1,3,exact,chronos,4143,2,3933.869523660014,0.8478315657263746,0.12354367765093519,4537.473607395012,measured
1,3,exact,ensemble,4143,2,3620.029378456924,0.8623609555228963,0.11368748758166734,4315.415830984128,measured
1,3,exact,regime_aware,4143,2,2293.1218376698703,0.8882762788379357,0.07201578583720483,3887.9844747522825,measured
1,3,cumulative,prophet,0,0,,,,,not_evaluated
1,3,cumulative,catboost,0,0,,,,,not_evaluated
1,3,cumulative,chronos,0,0,,,,,not_evaluated
1,3,cumulative,ensemble,0,0,,,,,not_evaluated
1,3,cumulative,regime_aware,0,0,,,,,not_evaluated
1,6,exact,prophet,4140,2,2524.1395180722393,0.8356734925230942,0.08300664018815081,4536.656047702646,measured
1,6,exact,catboost,4140,2,3917.110748081998,0.8005620596081211,0.1288146713425352,4997.881234212857,measured
1,6,exact,chronos,4140,2,3979.568530155495,0.8281907410114733,0.13086860322958246,4638.796531624229,measured
1,6,exact,ensemble,4140,2,3960.1142791035963,0.8258117799337006,0.13022884777801844,4670.801726753555,measured
1,6,exact,regime_aware,4140,2,2565.0961662893637,0.8527900601707439,0.08435350462949039,4293.886978782255,measured
1,6,cumulative,prophet,0,0,,,,,not_evaluated
1,6,cumulative,catboost,0,0,,,,,not_evaluated
1,6,cumulative,chronos,0,0,,,,,not_evaluated
1,6,cumulative,ensemble,0,0,,,,,not_evaluated
1,6,cumulative,regime_aware,0,0,,,,,not_evaluated
1,12,exact,prophet,4116,2,5278.0204115626575,0.7467913313712751,0.155230321677641,6406.128331476015,measured
1,12,exact,catboost,4116,2,4230.2416153387385,0.7972838994302256,0.1244144045530053,5731.924633095475,measured
1,12,exact,chronos,4116,2,8555.467868341533,0.4037234561797428,0.2516223746304494,9830.6042335456,measured
1,12,exact,ensemble,4116,2,7402.927108929752,0.5268580431871437,0.21772533390697213,8756.934079824956,measured
1,12,exact,regime_aware,4116,2,4223.697916622039,0.805415589523243,0.12422194973518581,5615.783688526855,measured
1,12,cumulative,prophet,0,0,,,,,not_evaluated
1,12,cumulative,catboost,0,0,,,,,not_evaluated
1,12,cumulative,chronos,0,0,,,,,not_evaluated
1,12,cumulative,ensemble,0,0,,,,,not_evaluated
1,12,cumulative,regime_aware,0,0,,,,,not_evaluated
2,1,exact,prophet,4173,2,1600.2693136162131,0.9604188094003324,0.052766541043153294,2216.88830967577,measured
2,1,exact,catboost,4173,2,1481.1053380325193,0.9710087210561479,0.048837283164494566,1897.2871866312996,measured
2,1,exact,chronos,4173,2,906.1653737100856,0.986381500528855,0.029879478395862642,1300.3612388158808,measured
2,1,exact,ensemble,4173,2,957.4542803195868,0.9855873906389936,0.03157065510758315,1337.7368614665006,measured
2,1,exact,regime_aware,4173,2,1400.1813585297168,0.9739140515454724,0.04616893325021632,1799.710714877256,measured
2,1,cumulative,prophet,4173,2,1600.2693136162131,0.9604188094003324,0.052766541043153294,2216.88830967577,measured
2,1,cumulative,catboost,4173,2,1481.1053380325193,0.9710087210561479,0.048837283164494566,1897.2871866312996,measured
2,1,cumulative,chronos,4173,2,906.1653737100856,0.986381500528855,0.029879478395862642,1300.3612388158808,measured
2,1,cumulative,ensemble,4173,2,957.4542803195868,0.9855873906389936,0.03157065510758315,1337.7368614665006,measured
2,1,cumulative,regime_aware,4173,2,1400.1813585297168,0.9739140515454724,0.04616893325021632,1799.710714877256,measured
2,3,exact,prophet,4158,2,1715.6077625389412,0.9347953995397309,0.056452051313649054,2851.0187531136075,measured
2,3,exact,catboost,4158,2,1703.600788360123,0.9585961158540126,0.05605696198305451,2271.859645055259,measured
2,3,exact,chronos,4158,2,2179.7874064773478,0.9405549392387612,0.07172587651456964,2722.1925592194807,measured
2,3,exact,ensemble,4158,2,1778.4503388920502,0.9538349453222751,0.05851988547856185,2398.9303119072156,measured
2,3,exact,regime_aware,4158,2,1349.8125605338116,0.9568862599683838,0.04441556490645288,2318.295564234862,measured
2,3,cumulative,prophet,0,0,,,,,not_evaluated
2,3,cumulative,catboost,0,0,,,,,not_evaluated
2,3,cumulative,chronos,0,0,,,,,not_evaluated
2,3,cumulative,ensemble,0,0,,,,,not_evaluated
2,3,cumulative,regime_aware,0,0,,,,,not_evaluated
2,6,exact,prophet,4147,2,3349.129760938737,0.8273774654118051,0.09853499522989777,5278.092968984476,measured
2,6,exact,catboost,4147,2,3317.1962953155557,0.8765618264865209,0.09759547836806906,4463.268714350053,measured
2,6,exact,chronos,4147,2,6797.276668139242,0.5944190378988683,0.19998318126785986,8090.34555716972,measured
2,6,exact,ensemble,4147,2,6043.222649172584,0.6638629403489634,0.17779810201875398,7365.232986524565,measured
2,6,exact,regime_aware,4147,2,3241.415379389477,0.8465670097451007,0.09536592241703284,4976.083573257299,measured
2,6,cumulative,prophet,0,0,,,,,not_evaluated
2,6,cumulative,catboost,0,0,,,,,not_evaluated
2,6,cumulative,chronos,0,0,,,,,not_evaluated
2,6,cumulative,ensemble,0,0,,,,,not_evaluated
2,6,cumulative,regime_aware,0,0,,,,,not_evaluated
2,12,exact,prophet,0,0,,,,,not_evaluated
2,12,exact,catboost,0,0,,,,,not_evaluated
2,12,exact,chronos,0,0,,,,,not_evaluated
2,12,exact,ensemble,0,0,,,,,not_evaluated
2,12,exact,regime_aware,0,0,,,,,not_evaluated
2,12,cumulative,prophet,0,0,,,,,not_evaluated
2,12,cumulative,catboost,0,0,,,,,not_evaluated
2,12,cumulative,chronos,0,0,,,,,not_evaluated
2,12,cumulative,ensemble,0,0,,,,,not_evaluated
2,12,cumulative,regime_aware,0,0,,,,,not_evaluated
3,1,exact,prophet,4180,2,2888.56223791339,0.9037449765717274,0.08518391898044744,3936.9263125082853,measured
3,1,exact,catboost,4180,2,3109.320845764536,0.8901823144034815,0.09169410703130718,4205.152281040542,measured
3,1,exact,chronos,4180,2,4402.76603174529,0.8171511261075097,0.12983790344395624,5426.149174851523,measured
3,1,exact,ensemble,4180,2,4143.333224903483,0.83311156422204,0.1221872103382932,5183.924959090797,measured
3,1,exact,regime_aware,4180,2,2855.3171812750284,0.9031998214178774,0.08420351974444958,3948.059265804756,measured
3,1,cumulative,prophet,4180,2,2888.56223791339,0.9037449765717274,0.08518391898044744,3936.9263125082853,measured
3,1,cumulative,catboost,4180,2,3109.320845764536,0.8901823144034815,0.09169410703130718,4205.152281040542,measured
3,1,cumulative,chronos,4180,2,4402.76603174529,0.8171511261075097,0.12983790344395624,5426.149174851523,measured
3,1,cumulative,ensemble,4180,2,4143.333224903483,0.83311156422204,0.1221872103382932,5183.924959090797,measured
3,1,cumulative,regime_aware,4180,2,2855.3171812750284,0.9031998214178774,0.08420351974444958,3948.059265804756,measured
3,3,exact,prophet,4163,2,2937.512754278165,0.8935388938581779,0.08660987848087594,4137.46218693338,measured
3,3,exact,catboost,4163,2,4020.3040568162182,0.8045018177355531,0.11853499029405504,5606.733484376943,measured
3,3,exact,chronos,4163,2,4213.276791310728,0.8272248803886286,0.12422461498090984,5270.83173056706,measured
3,3,exact,ensemble,4163,2,4096.098731502957,0.8274142979961026,0.12076972699589757,5267.941667091589,measured
3,3,exact,regime_aware,4163,2,2933.5884835522916,0.8929433135123012,0.08649417494556397,4149.019245051207,measured
3,3,cumulative,prophet,0,0,,,,,not_evaluated
3,3,cumulative,catboost,0,0,,,,,not_evaluated
3,3,cumulative,chronos,0,0,,,,,not_evaluated
3,3,cumulative,ensemble,0,0,,,,,not_evaluated
3,3,cumulative,regime_aware,0,0,,,,,not_evaluated
3,6,exact,prophet,0,0,,,,,not_evaluated
3,6,exact,catboost,0,0,,,,,not_evaluated
3,6,exact,chronos,0,0,,,,,not_evaluated
3,6,exact,ensemble,0,0,,,,,not_evaluated
3,6,exact,regime_aware,0,0,,,,,not_evaluated
3,6,cumulative,prophet,0,0,,,,,not_evaluated
3,6,cumulative,catboost,0,0,,,,,not_evaluated
3,6,cumulative,chronos,0,0,,,,,not_evaluated
3,6,cumulative,ensemble,0,0,,,,,not_evaluated
3,6,cumulative,regime_aware,0,0,,,,,not_evaluated
3,12,exact,prophet,0,0,,,,,not_evaluated
3,12,exact,catboost,0,0,,,,,not_evaluated
3,12,exact,chronos,0,0,,,,,not_evaluated
3,12,exact,ensemble,0,0,,,,,not_evaluated
3,12,exact,regime_aware,0,0,,,,,not_evaluated
3,12,cumulative,prophet,0,0,,,,,not_evaluated
3,12,cumulative,catboost,0,0,,,,,not_evaluated
3,12,cumulative,chronos,0,0,,,,,not_evaluated
3,12,cumulative,ensemble,0,0,,,,,not_evaluated
3,12,cumulative,regime_aware,0,0,,,,,not_evaluated
pooled,1,exact,prophet,12513,6,2021.4303266133843,0.9361338330137411,0.063131210649285,3013.8690435992594,measured
pooled,1,exact,catboost,12513,6,2051.761647562362,0.9358765327996679,0.06407848693523499,3019.933989368074,measured
pooled,1,exact,chronos,12513,6,2667.549045242947,0.9022577239208689,0.08331011881803067,3728.465901896791,measured
pooled,1,exact,ensemble,12513,6,2515.324037430408,0.9110072621421863,0.07855598561453664,3557.6747025930035,measured
pooled,1,exact,regime_aware,12513,6,1914.2840490884691,0.9424224559562978,0.059784929490020546,2861.6434396433815,measured
pooled,1,cumulative,prophet,12513,6,2021.4303266133843,0.9361338330137411,0.063131210649285,3013.8690435992594,measured
pooled,1,cumulative,catboost,12513,6,2051.761647562362,0.9358765327996679,0.06407848693523499,3019.933989368074,measured
pooled,1,cumulative,chronos,12513,6,2667.549045242947,0.9022577239208689,0.08331011881803067,3728.465901896791,measured
pooled,1,cumulative,ensemble,12513,6,2515.324037430408,0.9110072621421863,0.07855598561453664,3557.6747025930035,measured
pooled,1,cumulative,regime_aware,12513,6,1914.2840490884691,0.9424224559562978,0.059784929490020546,2861.6434396433815,measured
pooled,3,exact,prophet,12464,6,2265.5039283731066,0.900042877131812,0.07068503430344555,3772.297707204976,measured
pooled,3,exact,catboost,12464,6,2721.052329476857,0.8820148914600138,0.08489840818270517,4098.384348467511,measured
pooled,3,exact,chronos,12464,6,3442.028943748621,0.869384631958368,0.10739329599708139,4312.173490374292,measured
pooled,3,exact,ensemble,12464,6,3164.685273050946,0.877925326321786,0.09874001288792932,4168.807794206999,measured
pooled,3,exact,regime_aware,12464,6,2192.350229235723,0.911724301335365,0.0684025965339983,3545.027984625661,measured
pooled,3,cumulative,prophet,0,0,,,,,not_evaluated
pooled,3,cumulative,catboost,0,0,,,,,not_evaluated
pooled,3,cumulative,chronos,0,0,,,,,not_evaluated
pooled,3,cumulative,ensemble,0,0,,,,,not_evaluated
pooled,3,cumulative,regime_aware,0,0,,,,,not_evaluated
pooled,6,exact,prophet,8287,4,2936.9830726960317,0.8346951558182548,0.09120902194765577,4921.669450274514,measured
pooled,6,exact,catboost,8287,4,3616.9001488757185,0.8468095493213643,0.11232408117301662,4737.895731823393,measured
pooled,6,exact,chronos,8287,4,5389.612653266223,0.7031096661892664,0.1673762791999582,6595.803076783558,measured
pooled,6,exact,ensemble,8287,4,5002.548261325884,0.7403664612095723,0.15535586105460097,6168.080716514016,measured
pooled,6,exact,regime_aware,8287,4,2903.541415079779,0.8525798603212293,0.09017047974023105,4647.806736872712,measured
pooled,6,cumulative,prophet,0,0,,,,,not_evaluated
pooled,6,cumulative,catboost,0,0,,,,,not_evaluated
pooled,6,cumulative,chronos,0,0,,,,,not_evaluated
pooled,6,cumulative,ensemble,0,0,,,,,not_evaluated
pooled,6,cumulative,regime_aware,0,0,,,,,not_evaluated
pooled,12,exact,prophet,4116,2,5278.0204115626575,0.7467913313712751,0.155230321677641,6406.128331476015,measured
pooled,12,exact,catboost,4116,2,4230.2416153387385,0.7972838994302256,0.1244144045530053,5731.924633095475,measured
pooled,12,exact,chronos,4116,2,8555.467868341533,0.4037234561797428,0.2516223746304494,9830.6042335456,measured
pooled,12,exact,ensemble,4116,2,7402.927108929752,0.5268580431871437,0.21772533390697213,8756.934079824956,measured
pooled,12,exact,regime_aware,4116,2,4223.697916622039,0.805415589523243,0.12422194973518581,5615.783688526855,measured
pooled,12,cumulative,prophet,0,0,,,,,not_evaluated
pooled,12,cumulative,catboost,0,0,,,,,not_evaluated
pooled,12,cumulative,chronos,0,0,,,,,not_evaluated
pooled,12,cumulative,ensemble,0,0,,,,,not_evaluated
pooled,12,cumulative,regime_aware,0,0,,,,,not_evaluated
