method,other,jaccard,correlation,n_comparable,mean_news_lead_months,news_validated_events,alerts,eligible,correlation_alert_share,correlation_residual_magnitude,spearman_correlation
pelt,residual,0.30015987210231815,0.21163356938877737,4160.0,,,,,,,
pelt,residual_news,0.3008423586040915,0.21217761608063007,4140.0,,,,,,,
pelt,,,,,0.647780925401322,1059.0,1062.0,4160.0,,,
binseg,pelt,0.9623352165725048,0.9747144997077888,4160.0,,,,,,,
binseg,cusum,0.27985896870868227,0.1936887494063582,4160.0,,,,,,,
binseg,residual,0.2857142857142857,0.19653684867680288,4160.0,,,,,,,
binseg,residual_news,0.2863453815261044,0.19705419112260095,4140.0,,,,,,,
binseg,,,,,0.633954857703631,1019.0,1022.0,4160.0,,,
cusum,pelt,0.29634522236900046,0.2132753742983862,4160.0,,,,,,,
cusum,residual,0.830561797752809,0.8287690856846583,4160.0,,,,,,,
cusum,residual_news,0.8331071913161465,0.8322768072382627,4140.0,,,,,,,
cusum,,,,,0.9839142091152815,1865.0,1882.0,4160.0,,,
residual,residual_news,0.9981718464351006,0.998063422441376,4140.0,,,,,,,
residual,,,,,0.8923992673992674,2184.0,2191.0,4160.0,,,
residual_news,news_lead_t-1,1.0,0.9768706848469334,5.0,1.0,2.0,2184.0,4140.0,0.9871220635147109,0.9768706848469334,
news_lead_t-1,mean_abs_catboost_residual_oof,,-0.2217000544282374,6.0,,,,,,,-0.4285714285714286
news_lead_t-1,national_spending_growth_mom,,0.08814747623655214,23.0,,,,,,,0.11363636363636365
